rank_test_score,mean_test_score,std_test_score,mean_train_score,param_model__n_estimators,param_model__max_depth,param_model__learning_rate,param_model__min_child_weight,param_model__subsample,param_model__colsample_bytree,param_model__gamma,param_model__reg_lambda,param_model__reg_alpha
1,0.7761399400742675,0.04066355966644377,0.9970317404907092,300,8,0.08,4,1.0,0.9,0.5,1.0,0.5
2,0.7659040584493242,0.019037803145377015,1.0,650,5,0.08,1,1.0,0.8,0.1,2.0,0.01
3,0.7574054138100914,0.029702150510533227,0.9976914480753212,200,8,0.06,6,0.8,1.0,0.1,2.0,0.1
4,0.7558689597061435,0.028303293961417716,0.9987257686259158,500,6,0.06,10,1.0,1.0,0.0,5.0,0.1
5,0.7542402459173319,0.02931745935020163,0.9986100251593026,650,5,0.02,2,0.7,0.8,0.0,2.0,0.01
6,0.749471135757457,0.03300592441721085,0.9999151908422029,650,8,0.06,10,0.9,0.8,0.0,5.0,0.1
7,0.7479461586956441,0.040286384826753716,0.9998193646384627,300,8,0.1,10,1.0,0.8,0.0,2.0,0.01
8,0.7472753980509453,0.04243639109136024,0.9840010758443223,650,5,0.08,10,1.0,1.0,0.5,2.0,0.01
9,0.7464343175549113,0.03307986847012298,0.999173245545967,650,8,0.04,4,1.0,0.7,0.5,2.0,0.1
10,0.745528241121235,0.037345903650169085,1.0,400,6,0.15,2,0.9,0.7,0.0,2.0,0.1
