mean_fit_time,std_fit_time,mean_score_time,std_score_time,param_model__subsample,param_model__reg_lambda,param_model__reg_alpha,param_model__n_estimators,param_model__min_child_weight,param_model__max_depth,param_model__learning_rate,param_model__gamma,param_model__colsample_bytree,params,split0_test_score,split1_test_score,split2_test_score,split3_test_score,mean_test_score,std_test_score,rank_test_score,split0_train_score,split1_train_score,split2_train_score,split3_train_score,mean_train_score,std_train_score
0.861007571220398,0.2003281525571985,0.04369169473648071,0.009400208376601943,1.0,1.0,0.5,300,4,8,0.08,0.5,0.9,"{'model__subsample': 1.0, 'model__reg_lambda': 1.0, 'model__reg_alpha': 0.5, 'model__n_estimators': 300, 'model__min_child_weight': 4, 'model__max_depth': 8, 'model__learning_rate': 0.08, 'model__gamma': 0.5, 'model__colsample_bytree': 0.9}",0.7333412239016924,0.7575465352693899,0.84255825743229,0.7711137436936972,0.7761399400742675,0.04066355966644377,1,0.9971342084705259,0.9959028765741507,0.9968061740381737,0.9982837028799865,0.9970317404907092,0.0008519277372039657
1.900489628314972,0.04918694551492875,0.04738432168960571,0.004393048924215256,1.0,2.0,0.01,650,1,5,0.08,0.1,0.8,"{'model__subsample': 1.0, 'model__reg_lambda': 2.0, 'model__reg_alpha': 0.01, 'model__n_estimators': 650, 'model__min_child_weight': 1, 'model__max_depth': 5, 'model__learning_rate': 0.08, 'model__gamma': 0.1, 'model__colsample_bytree': 0.8}",0.7449783954278582,0.7749252157541539,0.7925882735184822,0.7511243490968031,0.7659040584493242,0.019037803145377015,2,0.9999999999999999,1.0,1.0,1.0,1.0,5.551115123125783e-17
0.9555367231369019,0.01751574643121814,0.03823542594909668,0.00043057689101213073,0.8,2.0,0.1,200,6,8,0.06,0.1,1.0,"{'model__subsample': 0.8, 'model__reg_lambda': 2.0, 'model__reg_alpha': 0.1, 'model__n_estimators': 200, 'model__min_child_weight': 6, 'model__max_depth': 8, 'model__learning_rate': 0.06, 'model__gamma': 0.1, 'model__colsample_bytree': 1.0}",0.72308861847772,0.733951865973425,0.7944285629337966,0.7781526078554243,0.7574054138100914,0.029702150510533227,3,0.9979257587539172,0.9981803138758709,0.9972674779789771,0.9973922416925194,0.9976914480753212,0.00037522205663933936
1.6755397319793701,0.04079341773781978,0.05500996112823486,0.0026559529894578213,1.0,5.0,0.1,500,10,6,0.06,0.0,1.0,"{'model__subsample': 1.0, 'model__reg_lambda': 5.0, 'model__reg_alpha': 0.1, 'model__n_estimators': 500, 'model__min_child_weight': 10, 'model__max_depth': 6, 'model__learning_rate': 0.06, 'model__gamma': 0.0, 'model__colsample_bytree': 1.0}",0.7176174135277393,0.7401262072147153,0.7870850313440426,0.7786471867380768,0.7558689597061435,0.028303293961417716,4,0.9972482037307736,0.9987684769116211,0.9996962661154789,0.9991901277457896,0.9987257686259158,0.0009141275603659933
2.20801705121994,0.022466536509697693,0.03347724676132202,0.004938026493828474,0.7,2.0,0.01,650,2,5,0.02,0.0,0.8,"{'model__subsample': 0.7, 'model__reg_lambda': 2.0, 'model__reg_alpha': 0.01, 'model__n_estimators': 650, 'model__min_child_weight': 2, 'model__max_depth': 5, 'model__learning_rate': 0.02, 'model__gamma': 0.0, 'model__colsample_bytree': 0.8}",0.7240104573452509,0.7328434574913738,0.7992073759719995,0.760899692860703,0.7542402459173319,0.02931745935020163,5,0.9985145545257523,0.9983968507811408,0.9986380716125322,0.998890623717785,0.9986100251593026,0.000183084756285393
2.9153252243995667,0.11324785206732807,0.07992017269134521,0.017235385837404395,0.9,5.0,0.1,650,10,8,0.06,0.0,0.8,"{'model__subsample': 0.9, 'model__reg_lambda': 5.0, 'model__reg_alpha': 0.1, 'model__n_estimators': 650, 'model__min_child_weight': 10, 'model__max_depth': 8, 'model__learning_rate': 0.06, 'model__gamma': 0.0, 'model__colsample_bytree': 0.8}",0.7013870414810482,0.7363469798270005,0.7801637158661807,0.7799868058555987,0.749471135757457,0.03300592441721085,6,0.9998501287058126,0.999810634662999,0.9999999999999999,1.0,0.9999151908422029,8.595094922959606e-05
1.1242786049842834,0.06130672407758605,0.04320269823074341,0.0011924350768962935,1.0,2.0,0.01,300,10,8,0.1,0.0,0.8,"{'model__subsample': 1.0, 'model__reg_lambda': 2.0, 'model__reg_alpha': 0.01, 'model__n_estimators': 300, 'model__min_child_weight': 10, 'model__max_depth': 8, 'model__learning_rate': 0.1, 'model__gamma': 0.0, 'model__colsample_bytree': 0.8}",0.6849020972599538,0.7407704434128335,0.7825470694954453,0.7835650246143439,0.7479461586956441,0.040286384826753716,7,0.9996548180662996,0.9996605106685702,0.9999999999999999,0.9999621298189808,0.9998193646384627,0.00016226613075998047
2.0934768319129944,0.13194315514024085,0.0436745285987854,0.001736807399303848,1.0,2.0,0.01,650,10,5,0.08,0.5,1.0,"{'model__subsample': 1.0, 'model__reg_lambda': 2.0, 'model__reg_alpha': 0.01, 'model__n_estimators': 650, 'model__min_child_weight': 10, 'model__max_depth': 5, 'model__learning_rate': 0.08, 'model__gamma': 0.5, 'model__colsample_bytree': 1.0}",0.7137473063750479,0.7099980652191384,0.8157156087807469,0.7496406118288479,0.7472753980509453,0.04243639109136024,8,0.9855061833010471,0.9865233400807184,0.9849346345756063,0.9790401454199174,0.9840010758443223,0.002920168142206653
2.192230999469757,0.057476516893271073,0.06195497512817383,0.00745556436556307,1.0,2.0,0.1,650,4,8,0.04,0.5,0.7,"{'model__subsample': 1.0, 'model__reg_lambda': 2.0, 'model__reg_alpha': 0.1, 'model__n_estimators': 650, 'model__min_child_weight': 4, 'model__max_depth': 8, 'model__learning_rate': 0.04, 'model__gamma': 0.5, 'model__colsample_bytree': 0.7}",0.7021264925417275,0.7449589796356656,0.7954381739945842,0.7432136240476676,0.7464343175549113,0.03307986847012298,9,0.9987919915074718,0.9982905722419164,0.9999999999999999,0.9996104184344798,0.999173245545967,0.0006706545059243188
1.640480875968933,0.03653224288964822,0.044905126094818115,0.0025509559375321562,0.9,2.0,0.1,400,2,6,0.15,0.0,0.7,"{'model__subsample': 0.9, 'model__reg_lambda': 2.0, 'model__reg_alpha': 0.1, 'model__n_estimators': 400, 'model__min_child_weight': 2, 'model__max_depth': 6, 'model__learning_rate': 0.15, 'model__gamma': 0.0, 'model__colsample_bytree': 0.7}",0.6925715610541131,0.7380482951243142,0.7968677950843669,0.7546253132221454,0.745528241121235,0.037345903650169085,10,1.0,0.9999999999999999,0.9999999999999999,1.0,1.0,7.850462293418876e-17
0.8581981062889099,0.00757508483820612,0.039473116397857666,0.00791297749054353,0.8,1.0,0.0,200,4,6,0.06,0.5,0.7,"{'model__subsample': 0.8, 'model__reg_lambda': 1.0, 'model__reg_alpha': 0.0, 'model__n_estimators': 200, 'model__min_child_weight': 4, 'model__max_depth': 6, 'model__learning_rate': 0.06, 'model__gamma': 0.5, 'model__colsample_bytree': 0.7}",0.6995698080898691,0.7319943844450572,0.8046927643244247,0.7458480935090972,0.745526262592112,0.0380653580666935,11,0.9963298294770713,0.9971842159880846,0.9998870836208164,0.9976633394427159,0.997766117132172,0.0013144003641477797
1.7423381805419922,0.023206822339336897,0.03619122505187988,0.004639793321412638,1.0,5.0,0.5,650,4,6,0.1,0.1,0.7,"{'model__subsample': 1.0, 'model__reg_lambda': 5.0, 'model__reg_alpha': 0.5, 'model__n_estimators': 650, 'model__min_child_weight': 4, 'model__max_depth': 6, 'model__learning_rate': 0.1, 'model__gamma': 0.1, 'model__colsample_bytree': 0.7}",0.6947562870855233,0.7410903761344309,0.7934684194386521,0.7518438075147728,0.7452897225433448,0.03512622052603461,12,1.0,0.999699095381307,1.0,1.0,0.9999247738453267,0.00013029552195211778
1.68023282289505,0.034696687784738105,0.046244680881500244,0.0013214865060079367,0.7,2.0,0.5,400,4,6,0.02,0.1,0.7,"{'model__subsample': 0.7, 'model__reg_lambda': 2.0, 'model__reg_alpha': 0.5, 'model__n_estimators': 400, 'model__min_child_weight': 4, 'model__max_depth': 6, 'model__learning_rate': 0.02, 'model__gamma': 0.1, 'model__colsample_bytree': 0.7}",0.6810329393515216,0.6973208951612854,0.7954832763633293,0.7515679624880218,0.7313512683410396,0.045309021469941146,13,0.9891460746010462,0.9882347393764902,0.9900362000620382,0.987701398426857,0.9887796031166078,0.0008906092129080816
1.215297281742096,0.14613593973146782,0.06613749265670776,0.016304080399580093,0.7,10.0,0.01,300,4,6,0.04,0.25,0.7,"{'model__subsample': 0.7, 'model__reg_lambda': 10.0, 'model__reg_alpha': 0.01, 'model__n_estimators': 300, 'model__min_child_weight': 4, 'model__max_depth': 6, 'model__learning_rate': 0.04, 'model__gamma': 0.25, 'model__colsample_bytree': 0.7}",0.6749019356762157,0.7063397390813196,0.7561840476387607,0.7552985321924343,0.7231810636471826,0.03440651518562046,14,0.988173601282965,0.9846374548825556,0.9900660031860931,0.9884148407524029,0.9878229750260042,0.001978127758855847
0.8015157580375671,0.02298204531783791,0.03021150827407837,0.0028739766700894404,0.7,2.0,0.01,200,6,3,0.1,0.0,1.0,"{'model__subsample': 0.7, 'model__reg_lambda': 2.0, 'model__reg_alpha': 0.01, 'model__n_estimators': 200, 'model__min_child_weight': 6, 'model__max_depth': 3, 'model__learning_rate': 0.1, 'model__gamma': 0.0, 'model__colsample_bytree': 1.0}",0.6553171667830359,0.704252130051342,0.7748608968737025,0.7292032204336714,0.715908353535438,0.04318366389581644,15,0.9438839222866466,0.946375562088256,0.932219111628579,0.9484600517253862,0.9427346619322169,0.006283586551098355
1.4021300077438354,0.09205710310534292,0.038745343685150146,0.00937910018060938,0.9,1.0,0.0,400,6,3,0.1,0.0,0.7,"{'model__subsample': 0.9, 'model__reg_lambda': 1.0, 'model__reg_alpha': 0.0, 'model__n_estimators': 400, 'model__min_child_weight': 6, 'model__max_depth': 3, 'model__learning_rate': 0.1, 'model__gamma': 0.0, 'model__colsample_bytree': 0.7}",0.6544828308339911,0.6924774427754259,0.7927626424710196,0.715180147288714,0.7137257658422878,0.0505226673735861,16,0.9808528601494519,0.9814295710666363,0.9767580585500892,0.9813966148942634,0.9801092761651102,0.0019483323815233668
0.6430966854095459,0.008204753043715747,0.03092801570892334,0.0009262550214689025,1.0,10.0,0.5,200,10,4,0.1,0.1,1.0,"{'model__subsample': 1.0, 'model__reg_lambda': 10.0, 'model__reg_alpha': 0.5, 'model__n_estimators': 200, 'model__min_child_weight': 10, 'model__max_depth': 4, 'model__learning_rate': 0.1, 'model__gamma': 0.1, 'model__colsample_bytree': 1.0}",0.642728468765259,0.6795908114646003,0.7644550551676217,0.7599521958572648,0.7116816328136865,0.05220019399063382,17,0.9514450461859624,0.9549184239799754,0.933321020264821,0.9463326015632447,0.9465042729985009,0.008201170650442957
1.5369700193405151,0.027387061531839885,0.04085981845855713,0.0020601252248934744,0.7,10.0,0.5,400,10,4,0.15,0.1,0.7,"{'model__subsample': 0.7, 'model__reg_lambda': 10.0, 'model__reg_alpha': 0.5, 'model__n_estimators': 400, 'model__min_child_weight': 10, 'model__max_depth': 4, 'model__learning_rate': 0.15, 'model__gamma': 0.1, 'model__colsample_bytree': 0.7}",0.651536027087253,0.6895865676153744,0.7559760430643145,0.7471301577901583,0.7110571988892751,0.04278644302191969,18,0.9955329757650081,0.9916349331569556,0.9941132465594991,0.9978014197337834,0.9947706438038115,0.0022378340618997047
1.0258257985115051,0.02400531969047862,0.03227871656417847,0.002074793232377495,0.8,2.0,0.01,300,10,3,0.1,0.1,0.8,"{'model__subsample': 0.8, 'model__reg_lambda': 2.0, 'model__reg_alpha': 0.01, 'model__n_estimators': 300, 'model__min_child_weight': 10, 'model__max_depth': 3, 'model__learning_rate': 0.1, 'model__gamma': 0.1, 'model__colsample_bytree': 0.8}",0.6273701822650518,0.66662000047623,0.7801283813569356,0.7375167946275655,0.7029088396814457,0.059547327348208286,19,0.960156809979964,0.9473583124161173,0.9405746624851037,0.9592993395397781,0.9518472811052408,0.008243242921912006
0.9610908627510071,0.012172313643645483,0.02992236614227295,0.0011647798767502394,0.7,1.0,0.1,300,10,3,0.1,0.5,0.7,"{'model__subsample': 0.7, 'model__reg_lambda': 1.0, 'model__reg_alpha': 0.1, 'model__n_estimators': 300, 'model__min_child_weight': 10, 'model__max_depth': 3, 'model__learning_rate': 0.1, 'model__gamma': 0.5, 'model__colsample_bytree': 0.7}",0.6109011424625568,0.6855045051620486,0.767209272254248,0.7288047656596494,0.6981049213846257,0.058054201602670025,20,0.9489371436052139,0.9471391498479349,0.9403251614850721,0.9510456212812927,0.9468617690548784,0.00401920320469922
0.6422604322433472,0.01943250392006024,0.027041137218475342,0.003470835950061106,0.9,2.0,0.1,200,2,6,0.02,0.25,0.7,"{'model__subsample': 0.9, 'model__reg_lambda': 2.0, 'model__reg_alpha': 0.1, 'model__n_estimators': 200, 'model__min_child_weight': 2, 'model__max_depth': 6, 'model__learning_rate': 0.02, 'model__gamma': 0.25, 'model__colsample_bytree': 0.7}",0.6523591679987827,0.6268575191064006,0.7527514371289042,0.7248009478406385,0.6891922680186815,0.05135670412827694,21,0.9670663002681384,0.97192068003277,0.9769668526140531,0.9762405711038132,0.9730486010046937,0.003956055377816894
1.3484331965446472,0.04647684133503733,0.03744608163833618,0.003562926844747543,0.9,2.0,0.01,400,10,3,0.02,0.1,0.9,"{'model__subsample': 0.9, 'model__reg_lambda': 2.0, 'model__reg_alpha': 0.01, 'model__n_estimators': 400, 'model__min_child_weight': 10, 'model__max_depth': 3, 'model__learning_rate': 0.02, 'model__gamma': 0.1, 'model__colsample_bytree': 0.9}",0.6430221600560796,0.6260743783329913,0.7199666968239258,0.697459581624779,0.6716307042094439,0.038397026956849774,22,0.8400563034469775,0.8375346433720434,0.8060781190145582,0.8212572051451298,0.8262315677446772,0.013691134128202529
0.7673394083976746,0.032125466289102525,0.03009188175201416,0.002099785212845229,0.8,5.0,0.5,200,10,3,0.06,0.25,0.7,"{'model__subsample': 0.8, 'model__reg_lambda': 5.0, 'model__reg_alpha': 0.5, 'model__n_estimators': 200, 'model__min_child_weight': 10, 'model__max_depth': 3, 'model__learning_rate': 0.06, 'model__gamma': 0.25, 'model__colsample_bytree': 0.7}",0.6111354635349064,0.6357687553798625,0.7230093823521454,0.6986405182788946,0.6671385298864523,0.04537161453290689,23,0.8534781123597173,0.8437296876558714,0.8306699447468854,0.8469257641372945,0.8437008772249421,0.008303617491291783
1.2811022400856018,0.15954128390748876,0.03340578079223633,0.005000135600351566,0.7,2.0,0.5,300,4,2,0.15,0.5,1.0,"{'model__subsample': 0.7, 'model__reg_lambda': 2.0, 'model__reg_alpha': 0.5, 'model__n_estimators': 300, 'model__min_child_weight': 4, 'model__max_depth': 2, 'model__learning_rate': 0.15, 'model__gamma': 0.5, 'model__colsample_bytree': 1.0}",0.5972280281114675,0.6430072134300389,0.7142613347484268,0.6707239075380611,0.6563051209569986,0.042525760919656215,24,0.9024631619339397,0.893427232750356,0.872412109920229,0.8947005783765684,0.8907507707452732,0.011138346122755985
1.2410253286361694,0.03762582735779293,0.055321335792541504,0.024930228064573578,0.9,5.0,0.0,400,6,2,0.08,0.1,0.7,"{'model__subsample': 0.9, 'model__reg_lambda': 5.0, 'model__reg_alpha': 0.0, 'model__n_estimators': 400, 'model__min_child_weight': 6, 'model__max_depth': 2, 'model__learning_rate': 0.08, 'model__gamma': 0.1, 'model__colsample_bytree': 0.7}",0.6019316328987683,0.6076596272926224,0.6752802220196906,0.692619982945915,0.6443728662892491,0.040100402470731766,25,0.8423196326911199,0.8243304573566618,0.8046787361167876,0.8241550640421857,0.8238709725516888,0.013313403345635876
1.4552671313285828,0.2170208556481955,0.041483402252197266,0.007916888179706913,1.0,1.0,0.1,400,4,3,0.02,0.5,0.7,"{'model__subsample': 1.0, 'model__reg_lambda': 1.0, 'model__reg_alpha': 0.1, 'model__n_estimators': 400, 'model__min_child_weight': 4, 'model__max_depth': 3, 'model__learning_rate': 0.02, 'model__gamma': 0.5, 'model__colsample_bytree': 0.7}",0.6201925598594534,0.6073511590993487,0.6786272027079839,0.6672488349648615,0.6433549391579119,0.0301985878231506,26,0.8228501830214272,0.8302111227402933,0.8107435374222309,0.8192828277696526,0.8207719177384011,0.007003634384288544
0.6933659911155701,0.013199074718862345,0.031443238258361816,0.004689148615553451,0.8,1.0,0.0,200,1,2,0.1,0.1,1.0,"{'model__subsample': 0.8, 'model__reg_lambda': 1.0, 'model__reg_alpha': 0.0, 'model__n_estimators': 200, 'model__min_child_weight': 1, 'model__max_depth': 2, 'model__learning_rate': 0.1, 'model__gamma': 0.1, 'model__colsample_bytree': 1.0}",0.5861757519039074,0.599703365505749,0.6606221712069688,0.6682906012731267,0.628697972472438,0.03617857513578471,27,0.8171857704583897,0.7934448327111296,0.767873111869833,0.7980105010662766,0.7941285540264073,0.01758209643419844
1.2381672263145447,0.07864698776888052,0.03959697484970093,0.005211720669349625,0.9,10.0,0.0,300,6,2,0.06,0.25,0.8,"{'model__subsample': 0.9, 'model__reg_lambda': 10.0, 'model__reg_alpha': 0.0, 'model__n_estimators': 300, 'model__min_child_weight': 6, 'model__max_depth': 2, 'model__learning_rate': 0.06, 'model__gamma': 0.25, 'model__colsample_bytree': 0.8}",0.606997112388633,0.5794043598359663,0.6309759529758668,0.6691090726527592,0.6216216244633063,0.032934537280429485,28,0.777171702908024,0.748946559652048,0.7344057153287248,0.7461775251563324,0.7516753757612823,0.0157001327069382
0.6423099637031555,0.018122339283673992,0.02592235803604126,0.0008638461562381543,0.8,10.0,0.01,200,4,2,0.1,0.1,0.8,"{'model__subsample': 0.8, 'model__reg_lambda': 10.0, 'model__reg_alpha': 0.01, 'model__n_estimators': 200, 'model__min_child_weight': 4, 'model__max_depth': 2, 'model__learning_rate': 0.1, 'model__gamma': 0.1, 'model__colsample_bytree': 0.8}",0.5915127793651108,0.567045207429378,0.6530232889005676,0.6569501527651981,0.6171328571150636,0.038854540151666055,29,0.7792552581675318,0.7640372464831396,0.7533088176718256,0.7583650679705404,0.7637415975732593,0.009727680097958486
0.7220665216445923,0.025965423149336447,0.03770804405212402,0.003115765750684324,1.0,2.0,0.0,200,6,2,0.04,0.5,0.9,"{'model__subsample': 1.0, 'model__reg_lambda': 2.0, 'model__reg_alpha': 0.0, 'model__n_estimators': 200, 'model__min_child_weight': 6, 'model__max_depth': 2, 'model__learning_rate': 0.04, 'model__gamma': 0.5, 'model__colsample_bytree': 0.9}",0.5860727241609031,0.5217970446872824,0.5578507687292409,0.6031354190454171,0.5672139891557109,0.030807343900927764,30,0.6657502124164724,0.6798392077944366,0.6383315530731555,0.6601189061666073,0.6610099698626679,0.014934144461177992
