threshold,accuracy,balanced_accuracy,precision,recall,f1,predicted_positive_rate
0.05,0.916875,0.9212423937520962,0.27932960893854747,0.9259259259259259,0.4291845493562232,0.111875
0.06,0.925625,0.9257702074649035,0.30303030303030304,0.9259259259259259,0.45662100456621,0.103125
0.07,0.93125,0.9286809448517082,0.32051282051282054,0.9259259259259259,0.47619047619047616,0.0975
0.08,0.934375,0.921362177183652,0.3288590604026846,0.9074074074074074,0.4827586206896552,0.093125
0.09,0.940625,0.9245963298356572,0.35251798561151076,0.9074074074074074,0.5077720207253886,0.086875
0.1,0.945625,0.9271836519572613,0.37404580152671757,0.9074074074074074,0.5297297297297298,0.081875
0.11,0.9475,0.919218053758804,0.38095238095238093,0.8888888888888888,0.5333333333333333,0.07875
0.12,0.948125,0.9106056250299459,0.3821138211382114,0.8703703703703703,0.5310734463276836,0.076875
0.13,0.950625,0.911899286090748,0.3949579831932773,0.8703703703703703,0.5433526011560693,0.074375
0.14,0.951875,0.9125461166211489,0.4017094017094017,0.8703703703703703,0.5497076023391813,0.073125
0.15,0.953125,0.91319294715155,0.40869565217391307,0.8703703703703703,0.5562130177514792,0.071875
0.16,0.955,0.9141631929471515,0.41964285714285715,0.8703703703703703,0.5662650602409639,0.07
0.17,0.956875,0.9151334387427531,0.43119266055045874,0.8703703703703703,0.5766871165644172,0.068125
0.18,0.95625,0.8969383354894351,0.42452830188679247,0.8333333333333334,0.5625,0.06625
0.19,0.95625,0.8880024914953764,0.4230769230769231,0.8148148148148148,0.5569620253164557,0.065
0.2,0.956875,0.8883259067605769,0.42718446601941745,0.8148148148148148,0.5605095541401274,0.064375
0.21,0.959375,0.889619567821379,0.4444444444444444,0.8148148148148148,0.5751633986928104,0.061875
0.22,0.96,0.8899429830865795,0.4489795918367347,0.8148148148148148,0.5789473684210527,0.06125
0.23,0.960625,0.89026639835178,0.4536082474226804,0.8148148148148148,0.5827814569536424,0.060625
0.24,0.9625,0.8912366441473816,0.46808510638297873,0.8148148148148148,0.5945945945945946,0.05875
0.25,0.9625,0.8912366441473816,0.46808510638297873,0.8148148148148148,0.5945945945945946,0.05875
0.26,0.963125,0.8915600594125821,0.4731182795698925,0.8148148148148148,0.5986394557823129,0.058125
0.27,0.964375,0.8922068899429831,0.4835164835164835,0.8148148148148148,0.6068965517241379,0.056875
0.28,0.964375,0.8922068899429831,0.4835164835164835,0.8148148148148148,0.6068965517241379,0.056875
0.29,0.965625,0.8928537204733841,0.4943820224719101,0.8148148148148148,0.6153846153846154,0.055625
0.3,0.96625,0.8931771357385846,0.5,0.8148148148148148,0.6197183098591549,0.055
0.31,0.9675,0.8938239662689856,0.5116279069767442,0.8148148148148148,0.6285714285714286,0.05375
0.32,0.9675,0.884888122274927,0.5119047619047619,0.7962962962962963,0.6231884057971014,0.0525
0.33,0.9675,0.884888122274927,0.5119047619047619,0.7962962962962963,0.6231884057971014,0.0525
0.34,0.969375,0.8858583680705285,0.5308641975308642,0.7962962962962963,0.6370370370370371,0.050625
0.35,0.969375,0.8858583680705285,0.5308641975308642,0.7962962962962963,0.6370370370370371,0.050625
0.36,0.97,0.8861817833357291,0.5375,0.7962962962962963,0.6417910447761194,0.05
0.37,0.970625,0.8865051986009296,0.5443037974683544,0.7962962962962963,0.6466165413533834,0.049375
0.38,0.971875,0.8871520291313306,0.5584415584415584,0.7962962962962963,0.6564885496183206,0.048125
0.39,0.9725,0.8874754443965311,0.5657894736842105,0.7962962962962963,0.6615384615384615,0.0475
0.4,0.971875,0.8782161851372718,0.56,0.7777777777777778,0.6511627906976745,0.046875
0.41,0.97125,0.8689569258780125,0.5540540540540541,0.7592592592592593,0.640625,0.04625
0.42,0.97125,0.8689569258780125,0.5540540540540541,0.7592592592592593,0.640625,0.04625
0.43,0.9725,0.8696037564084136,0.5694444444444444,0.7592592592592593,0.6507936507936508,0.045
0.44,0.9725,0.8696037564084136,0.5694444444444444,0.7592592592592593,0.6507936507936508,0.045
0.45,0.9725,0.8696037564084136,0.5694444444444444,0.7592592592592593,0.6507936507936508,0.045
0.46,0.97375,0.8702505869388146,0.5857142857142857,0.7592592592592593,0.6612903225806451,0.04375
0.47,0.974375,0.8705740022040152,0.5942028985507246,0.7592592592592593,0.6666666666666666,0.043125
0.48,0.975,0.8708974174692157,0.6029411764705882,0.7592592592592593,0.6721311475409836,0.0425
0.49,0.975625,0.8712208327344162,0.6119402985074627,0.7592592592592593,0.6776859504132231,0.041875
0.5,0.975625,0.8712208327344162,0.6119402985074627,0.7592592592592593,0.6776859504132231,0.041875
0.51,0.97625,0.8715442479996167,0.6212121212121212,0.7592592592592593,0.6833333333333333,0.04125
0.52,0.976875,0.8718676632648172,0.6307692307692307,0.7592592592592593,0.6890756302521008,0.040625
0.53,0.9775,0.8721910785300178,0.640625,0.7592592592592593,0.6949152542372882,0.04
0.54,0.9775,0.8721910785300178,0.640625,0.7592592592592593,0.6949152542372882,0.04
0.55,0.9775,0.8721910785300178,0.640625,0.7592592592592593,0.6949152542372882,0.04
0.56,0.9775,0.8721910785300178,0.640625,0.7592592592592593,0.6949152542372882,0.04
0.57,0.978125,0.8725144937952183,0.6507936507936508,0.7592592592592593,0.7008547008547008,0.039375
0.58,0.97875,0.8728379090604188,0.6612903225806451,0.7592592592592593,0.7068965517241379,0.03875
0.59,0.97875,0.8728379090604188,0.6612903225806451,0.7592592592592593,0.7068965517241379,0.03875
0.6,0.97875,0.8728379090604188,0.6612903225806451,0.7592592592592593,0.7068965517241379,0.03875
0.61,0.978125,0.8635786498011595,0.6557377049180327,0.7407407407407407,0.6956521739130435,0.038125
0.62,0.97875,0.86390206506636,0.6666666666666666,0.7407407407407407,0.7017543859649122,0.0375
0.63,0.979375,0.8642254803315605,0.6779661016949152,0.7407407407407407,0.7079646017699115,0.036875
0.64,0.98,0.8645488955967611,0.6896551724137931,0.7407407407407407,0.7142857142857143,0.03625
0.65,0.98,0.8645488955967611,0.6896551724137931,0.7407407407407407,0.7142857142857143,0.03625
0.66,0.98,0.8645488955967611,0.6896551724137931,0.7407407407407407,0.7142857142857143,0.03625
0.67,0.98,0.8645488955967611,0.6896551724137931,0.7407407407407407,0.7142857142857143,0.03625
0.68,0.98,0.8556130516027023,0.6964285714285714,0.7222222222222222,0.7090909090909091,0.035
0.69,0.979375,0.846353792343443,0.6909090909090909,0.7037037037037037,0.6972477064220184,0.034375
0.7,0.98,0.8377413636145848,0.7115384615384616,0.6851851851851852,0.6981132075471698,0.0325
0.71,0.98,0.8288055196205261,0.72,0.6666666666666666,0.6923076923076923,0.03125
0.72,0.980625,0.8291289348857266,0.7346938775510204,0.6666666666666666,0.6990291262135923,0.030625
0.73,0.981875,0.8297757654161276,0.7659574468085106,0.6666666666666666,0.7128712871287128,0.029375
0.74,0.981875,0.8297757654161276,0.7659574468085106,0.6666666666666666,0.7128712871287128,0.029375
0.75,0.981875,0.8297757654161276,0.7659574468085106,0.6666666666666666,0.7128712871287128,0.029375
0.76,0.9825,0.8300991806813282,0.782608695652174,0.6666666666666666,0.72,0.02875
0.77,0.98375,0.8307460112117292,0.8181818181818182,0.6666666666666666,0.7346938775510204,0.0275
0.78,0.983125,0.82148675195247,0.813953488372093,0.6481481481481481,0.7216494845360825,0.026875
0.79,0.983125,0.82148675195247,0.813953488372093,0.6481481481481481,0.7216494845360825,0.026875
0.8,0.9825,0.8122274926932107,0.8095238095238095,0.6296296296296297,0.7083333333333334,0.02625
0.81,0.9825,0.8122274926932107,0.8095238095238095,0.6296296296296297,0.7083333333333334,0.02625
0.82,0.9825,0.8122274926932107,0.8095238095238095,0.6296296296296297,0.7083333333333334,0.02625
0.83,0.9825,0.8122274926932107,0.8095238095238095,0.6296296296296297,0.7083333333333334,0.02625
0.84,0.98125,0.7937089741746921,0.8,0.5925925925925926,0.6808510638297872,0.025
0.85,0.980625,0.7844497149154329,0.7948717948717948,0.5740740740740741,0.6666666666666666,0.024375
0.86,0.980625,0.7755138709213742,0.8108108108108109,0.5555555555555556,0.6593406593406593,0.023125
0.87,0.980625,0.7755138709213742,0.8108108108108109,0.5555555555555556,0.6593406593406593,0.023125
0.88,0.980625,0.7755138709213742,0.8108108108108109,0.5555555555555556,0.6593406593406593,0.023125
0.89,0.98125,0.7758372861865747,0.8333333333333334,0.5555555555555556,0.6666666666666666,0.0225
0.9,0.98125,0.7758372861865747,0.8333333333333334,0.5555555555555556,0.6666666666666666,0.0225
0.91,0.981875,0.7761607014517752,0.8571428571428571,0.5555555555555556,0.6741573033707865,0.021875
0.92,0.98125,0.766901442192516,0.8529411764705882,0.5370370370370371,0.6590909090909091,0.02125
0.93,0.98125,0.766901442192516,0.8529411764705882,0.5370370370370371,0.6590909090909091,0.02125
0.94,0.98125,0.766901442192516,0.8529411764705882,0.5370370370370371,0.6590909090909091,0.02125
0.95,0.98125,0.7579655981984572,0.875,0.5185185185185185,0.6511627906976745,0.02
