feature,mean_abs_shap
flow_iat.min,0.10386821985448128
flow_iat.avg,0.037340294085970276
fwd_iat.min,0.03292186932262294
active.min,0.03022973237699621
flow_duration,0.02926113491206204
active.max,0.026678945492166806
flow_iat.tot,0.023884376371441286
flow_iat.max,0.022728024679227087
active.avg,0.014876445346001126
fwd_pkts_payload.min,0.014193739241760605
active.tot,0.0139789015689438
fwd_iat.avg,0.012727256186513831
bwd_pkts_payload.max,0.010759111685713767
fwd_iat.max,0.01043759343740938
fwd_pkts_per_sec,0.009462381080502428
flow_pkts_per_sec,0.009370290942226375
payload_bytes_per_second,0.009336163629167482
fwd_iat.tot,0.009274476750672426
fwd_pkts_payload.avg,0.008483483798065747
bwd_pkts_payload.tot,0.008299924765534053
bwd_data_pkts_tot,0.008216757993084208
bwd_pkts_payload.avg,0.007570747709350384
bwd_pkts_per_sec,0.0070195760604891
fwd_data_pkts_tot,0.006107899022104654
bwd_subflow_bytes,0.006094245142515037
fwd_subflow_bytes,0.004171292998793199
fwd_pkts_payload.tot,0.00389099057960408
flow_pkts_payload.min,0.003001599108257682
bwd_iat.tot,0.0028637444603269624
bwd_iat.min,0.0028559291747297265
flow_pkts_payload.tot,0.0026586064606232257
bwd_pkts_payload.std,0.002524403271408593
fwd_header_size_min,0.002183197623846647
fwd_pkts_payload.max,0.001875140593499813
fwd_header_size_tot,0.001728469852111228
flow_pkts_payload.avg,0.0017048842517143514
flow_pkts_payload.max,0.0015117735695154193
flow_pkts_payload.std,0.001437081766341023
fwd_last_window_size,0.001247933287155748
down_up_ratio,0.0012207339378865253
bwd_header_size_tot,0.001086797260981906
fwd_init_window_size,0.0010629403900493967
bwd_iat.max,0.001012687796824959
fwd_header_size_max,0.0009934789288385413
fwd_pkts_tot,0.0009132924340419552
fwd_pkts_payload.std,0.0009105654610168478
flow_SYN_flag_count,0.0007866948804485497
flow_ACK_flag_count,0.000783527578365679
bwd_iat.avg,0.0007403071385093891
bwd_iat.std,0.0007186450153550381
bwd_subflow_pkts,0.0007075198354786651
bwd_pkts_payload.min,0.0006841627720900943
bwd_header_size_min,0.0006634286614806646
bwd_init_window_size,0.000642705877794576
flow_iat.std,0.0006241918903585994
bwd_pkts_tot,0.0006210063043321866
fwd_subflow_pkts,0.0006157502019012912
bwd_header_size_max,0.0005901773782447292
fwd_PSH_flag_count,0.0004060294928698553
flow_RST_flag_count,0.000303298181640205
fwd_iat.std,0.00028536658692793795
bwd_PSH_flag_count,0.000213491869743957
active.std,0.0001968663544504524
flow_FIN_flag_count,0.00017542227444695816
idle.max,0.00016985813508281204
flow_CWR_flag_count,8.380994910591704e-05
idle.avg,7.993129952517153e-05
flow_ECE_flag_count,7.941949620501626e-05
bwd_bulk_packets,7.289876531603795e-05
bwd_bulk_bytes,6.161605801659584e-05
idle.min,6.124492045827442e-05
idle.tot,3.7802553574203094e-05
fwd_URG_flag_count,3.242653948386148e-05
fwd_bulk_rate,2.5714408536548034e-05
fwd_bulk_packets,1.6288540420058314e-05
fwd_bulk_bytes,1.3721204060624592e-05
idle.std,1.2377911945704756e-05
bwd_bulk_rate,7.117994973661961e-06
