feature,shap_value,abs_shap_value
flow_iat.min,0.15636333159827778,0.15636333159827778
fwd_iat.min,0.08727760777594384,0.08727760777594384
fwd_pkts_payload.min,0.054329108986588104,0.054329108986588104
flow_pkts_payload.min,0.050160679110687584,0.050160679110687584
fwd_iat.avg,0.041019685192205294,0.041019685192205294
fwd_iat.max,0.03820443714391312,0.03820443714391312
fwd_iat.tot,0.03346129419714435,0.03346129419714435
flow_iat.avg,-0.02726625229310179,0.02726625229310179
bwd_pkts_payload.std,0.020772255767282127,0.020772255767282127
fwd_pkts_payload.avg,0.018931775684769267,0.018931775684769267
flow_duration,-0.017816975935328303,0.017816975935328303
active.min,-0.017448307638237206,0.017448307638237206
active.max,-0.017131205352207347,0.017131205352207347
fwd_subflow_bytes,0.013105016671897467,0.013105016671897467
flow_iat.tot,-0.012917520553006424,0.012917520553006424
flow_iat.max,-0.010373515753649842,0.010373515753649842
active.avg,-0.010263399427241075,0.010263399427241075
bwd_pkts_payload.min,0.009066462275431585,0.009066462275431585
flow_iat.std,0.008922069591381185,0.008922069591381185
fwd_pkts_tot,0.008055513668010314,0.008055513668010314
fwd_data_pkts_tot,0.007917467330776603,0.007917467330776603
bwd_iat.max,0.007457148760006179,0.007457148760006179
fwd_pkts_payload.tot,0.007415675693535355,0.007415675693535355
bwd_subflow_pkts,0.0069185722028715585,0.0069185722028715585
bwd_pkts_tot,0.00677659052208647,0.00677659052208647
fwd_subflow_pkts,0.006277976176009297,0.006277976176009297
bwd_iat.avg,0.006191600390225774,0.006191600390225774
active.tot,-0.006051485150343172,0.006051485150343172
fwd_header_size_tot,0.005867551152304862,0.005867551152304862
fwd_header_size_min,-0.00537793207184314,0.00537793207184314
bwd_iat.tot,0.00535562947211101,0.00535562947211101
bwd_header_size_tot,0.004995073941423221,0.004995073941423221
flow_pkts_payload.avg,0.004015491117511307,0.004015491117511307
bwd_data_pkts_tot,0.003989546983748969,0.003989546983748969
fwd_pkts_payload.max,0.00376774981634794,0.00376774981634794
bwd_iat.min,0.00364781167646022,0.00364781167646022
fwd_init_window_size,-0.0032042376296651407,0.0032042376296651407
fwd_last_window_size,-0.002928009025944562,0.002928009025944562
fwd_header_size_max,-0.002539903826466477,0.002539903826466477
bwd_pkts_payload.tot,0.0022700731235082193,0.0022700731235082193
flow_pkts_per_sec,0.001845554301921486,0.001845554301921486
bwd_PSH_flag_count,0.001756876639790947,0.001756876639790947
flow_SYN_flag_count,-0.001674319048444296,0.001674319048444296
flow_pkts_payload.std,0.001596442959840444,0.001596442959840444
flow_pkts_payload.max,0.0015679160953813974,0.0015679160953813974
flow_pkts_payload.tot,-0.001327618622602557,0.001327618622602557
bwd_pkts_per_sec,0.0012734554292423467,0.0012734554292423467
payload_bytes_per_second,0.0012727802058708272,0.0012727802058708272
bwd_iat.std,0.001178301972230091,0.001178301972230091
flow_ACK_flag_count,0.001064108373027672,0.001064108373027672
down_up_ratio,0.0008684125227792352,0.0008684125227792352
fwd_pkts_per_sec,0.0008307942335950975,0.0008307942335950975
bwd_pkts_payload.max,0.0007203390567010819,0.0007203390567010819
fwd_pkts_payload.std,-0.0005740843307153685,0.0005740843307153685
bwd_header_size_max,-0.0004963266139364525,0.0004963266139364525
flow_FIN_flag_count,-0.0004478994739808549,0.0004478994739808549
bwd_pkts_payload.avg,0.00031567500385381187,0.00031567500385381187
bwd_bulk_bytes,0.0002777347805585583,0.0002777347805585583
fwd_iat.std,-0.00020180824523948564,0.00020180824523948564
fwd_PSH_flag_count,0.00019943987672394216,0.00019943987672394216
bwd_subflow_bytes,0.00016545494036595518,0.00016545494036595518
bwd_header_size_min,0.00013269004447381531,0.00013269004447381531
flow_RST_flag_count,-0.00012947364878264158,0.00012947364878264158
bwd_init_window_size,0.00010529535548824343,0.00010529535548824343
idle.min,9.465493434502447e-05,9.465493434502447e-05
bwd_bulk_packets,9.170766597232909e-05,9.170766597232909e-05
idle.tot,8.351244825188726e-05,8.351244825188726e-05
idle.max,6.728379294496145e-05,6.728379294496145e-05
flow_ECE_flag_count,6.656411998723364e-05,6.656411998723364e-05
bwd_bulk_rate,-4.992149706552797e-05,4.992149706552797e-05
flow_CWR_flag_count,4.790660067383205e-05,4.790660067383205e-05
active.std,-4.626526272773939e-05,4.626526272773939e-05
fwd_bulk_rate,4.568890062103031e-05,4.568890062103031e-05
fwd_bulk_bytes,4.083164238959413e-05,4.083164238959413e-05
idle.std,3.2328849396026834e-05,3.2328849396026834e-05
fwd_URG_flag_count,-2.514430705718375e-05,2.514430705718375e-05
fwd_bulk_packets,1.1346968753302759e-05,1.1346968753302759e-05
idle.avg,5.311970040247558e-06,5.311970040247558e-06
