Attack_type,kind,samples,share_of_test_%,correct,correct_rate,miss_rate
DOS_SYN_Hping,Attack (want: Attack),18866,76.69729246280185,18866,1.0,0.0
Thing_Speak,Normal (want: Normal),1623,6.598097406293195,1613,0.9938385705483672,0.006161429451632783
ARP_poisioning,Attack (want: Attack),1587,6.451744044231238,1565,0.9861373660995589,0.013862633900441068
MQTT_Publish,Normal (want: Normal),815,3.313277502235954,815,1.0,0.0
NMAP_UDP_SCAN,Attack (want: Attack),487,1.9798357590047972,486,0.997946611909651,0.002053388090349051
NMAP_XMAS_TREE_SCAN,Attack (want: Attack),409,1.6627368078705587,409,1.0,0.0
NMAP_OS_DETECTION,Attack (want: Attack),404,1.6424099520286202,404,1.0,0.0
NMAP_TCP_scan,Attack (want: Attack),229,0.9309699975607773,229,1.0,0.0
DDOS_Slowloris,Attack (want: Attack),116,0.47158305553297014,114,0.9827586206896551,0.017241379310344862
Wipro_bulb,Normal (want: Normal),48,0.19513781608260833,48,1.0,0.0
Metasploit_Brute_Force_SSH,Attack (want: Attack),9,0.036588340515489065,9,1.0,0.0
NMAP_FIN_SCAN,Attack (want: Attack),5,0.020326855841938368,5,1.0,0.0
