mode,meaning,operating_mode,test_failures,detected,recall,ci_low,ci_high
TWF,tool wear failure,primary_0.77,10,1,0.1,0.01787574951572113,0.4041563854975721
TWF,tool wear failure,early_warning_0.07,10,7,0.7,0.39677321997956516,0.892210712513788
HDF,heat dissipation failure,primary_0.77,29,26,0.896551724137931,0.7361455275293085,0.9641857596186989
HDF,heat dissipation failure,early_warning_0.07,29,28,0.9655172413793104,0.8282410893529976,0.9938869433859677
PWF,power failure,primary_0.77,13,12,0.9230769230769231,0.6668546607175265,0.9862899336203037
PWF,power failure,early_warning_0.07,13,13,1.0,0.7718981569447083,1.0
OSF,overstrain failure,primary_0.77,16,15,0.9375,0.7167073163197013,0.9888809426916687
OSF,overstrain failure,early_warning_0.07,16,16,1.0,0.8063865817272802,1.0
RNF,random failure,primary_0.77,4,1,0.25,0.045586062644636216,0.6993639475573634
RNF,random failure,early_warning_0.07,4,2,0.5,0.15003570882017148,0.8499642911798285
