,correlation
fwd_init_window_size,-0.6314893735138583
active.min,-0.6151441436504955
fwd_pkts_payload.min,0.6097165978347371
fwd_pkts_payload.avg,0.5159874048460253
bwd_init_window_size,-0.5077770293097925
idle.min,-0.4617873800099237
idle.avg,-0.45487927841189185
flow_iat.max,-0.4515369760725873
fwd_iat.max,-0.451074844935801
idle.max,-0.4467330594278939
flow_iat.std,-0.44092221945141225
fwd_iat.std,-0.4306207372856981
fwd_subflow_pkts,-0.3903438386655918
fwd_header_size_max,-0.3745767086309952
flow_iat.avg,-0.3718828660448744
flow_FIN_flag_count,-0.3639803461323546
bwd_header_size_max,-0.35685602938602695
bwd_pkts_payload.std,-0.3462341761413208
fwd_iat.avg,-0.3441443491815952
bwd_pkts_payload.max,-0.3258183074833016
