feature,dtype,n_unique,missing_count,missing_pct,mean,std,min,max,dominant_pct,is_constant,is_near_constant
id.orig_p,int64,50565,0,0.0,34644.722952027645,19075.276667598784,0.0,65535.0,0.8219839414574652,False,False
id.resp_p,int64,1693,0,0.0,1008.3488413456652,5221.935017933783,0.0,65389.0,77.00223599959345,False,False
flow_duration,float64,10667,0,0.0,3.971480500241386,136.29884574953414,0.0,18761.40129,27.417674560422807,False,False
fwd_pkts_tot,int64,129,0,0.0,2.2287834129484705,19.364867220235187,0.0,3549.0,85.68833214757598,False,False
bwd_pkts_tot,int64,136,0,0.0,1.89226547413355,37.37366108318111,0.0,10112.0,73.78417522105906,False,False
fwd_data_pkts_tot,int64,90,0,0.0,1.450858827116577,17.329829872703453,0.0,3549.0,80.38037402175019,False,False
bwd_data_pkts_tot,int64,118,0,0.0,0.8137513974997459,37.16124811606801,0.0,10105.0,85.78234576684622,False,False
fwd_pkts_per_sec,float64,10452,0,0.0,351606.94466236443,370226.1543130927,0.0,1048576.0,21.37920520378087,False,False
bwd_pkts_per_sec,float64,10153,0,0.0,351560.53919424594,370263.027459236,0.0,1048576.0,21.37920520378087,False,False
flow_pkts_per_sec,float64,10587,0,0.0,703167.4838593991,740485.5849785648,0.0,2097152.0,21.380475658095335,False,False
down_up_ratio,float64,344,0,0.0,0.854780017989633,0.33681300236961864,0.0,6.087899,79.10610834434394,False,False
fwd_header_size_tot,int64,291,0,0.0,52.93464783006403,316.15711186273836,0.0,54528.0,80.29652403699563,False,False
fwd_header_size_min,int64,7,0,0.0,19.782040857810752,5.31490431822988,0.0,44.0,81.92143510519362,False,False
fwd_header_size_max,int64,8,0,0.0,20.64747433682285,7.203711532639784,0.0,52.0,80.30668767151134,False,False
bwd_header_size_tot,int64,275,0,0.0,46.139800792763495,1170.1881098973079,0.0,323592.0,73.12989124911068,False,False
bwd_header_size_min,int64,6,0,0.0,17.70423823559305,7.988553341446675,0.0,40.0,74.0319138123793,False,False
bwd_header_size_max,int64,9,0,0.0,18.442524646813702,9.398714588980816,0.0,44.0,73.13878442931193,False,False
flow_FIN_flag_count,int64,9,0,0.0,0.11509045634718976,0.4715266218180714,0.0,9.0,93.45716028051632,False,False
flow_SYN_flag_count,int64,8,0,0.0,0.9517227360504116,0.47424215522614926,0.0,8.0,77.83565402988108,False,False
flow_RST_flag_count,int64,9,0,0.0,0.7971719686960057,0.4357114877042888,0.0,10.0,77.43419046651083,False,False
fwd_PSH_flag_count,int64,58,0,0.0,0.3495655046244537,3.3821582776368118,0.0,359.0,89.8389063929261,False,False
bwd_PSH_flag_count,int64,79,0,0.0,0.3787732493139547,3.6759160159821933,0.0,371.0,91.89958329098485,False,False
flow_ACK_flag_count,int64,165,0,0.0,2.6351382254294133,44.043692961579595,0.0,11772.0,73.19341396483382,False,False
fwd_URG_flag_count,int64,2,0,0.0,0.01637615611342616,0.12691801397544597,0.0,1.0,98.36238438865739,False,False
bwd_URG_flag_count,int64,1,0,0.0,0.0,0.0,0.0,0.0,100.0,True,True
flow_CWR_flag_count,int64,4,0,0.0,0.000978249822136396,0.04261238981889083,0.0,3.0,99.94028864722024,False,True
flow_ECE_flag_count,int64,4,0,0.0,0.00068604532980994,0.02981373264910933,0.0,3.0,99.94028864722024,False,True
fwd_pkts_payload.min,int64,87,0,0.0,96.32387691838602,45.30806416356579,0.0,1083.0,76.99588372802114,False,False
fwd_pkts_payload.max,int64,328,0,0.0,120.81725785140766,122.05028763601638,0.0,1420.0,76.99588372802114,False,False
fwd_pkts_payload.tot,int64,994,0,0.0,210.02274113222887,3894.831023839624,0.0,610428.0,76.99969509096452,False,False
fwd_pkts_payload.avg,float64,1173,0,0.0,100.56742546975049,45.83496683505813,0.0,1319.3654390000002,76.99588372802114,False,False
fwd_pkts_payload.std,float64,1189,0,0.0,8.098368413494764,45.04763384049425,0.0,731.579342,91.17034251448318,False,False
bwd_pkts_payload.min,int64,172,0,0.0,3.737994206728326,18.571617515055106,0.0,1357.0,93.8814920215469,False,False
bwd_pkts_payload.max,int64,410,0,0.0,51.80482010366907,229.87460055356914,0.0,5124.0,85.78234576684622,False,False
bwd_pkts_payload.tot,int64,1389,0,0.0,509.6687544465901,49480.87812051817,0.0,13610415.0,85.78234576684622,False,False
bwd_pkts_payload.avg,float64,1691,0,0.0,18.43809065791747,82.034339359609,0.0,1457.052632,85.78234576684622,False,False
bwd_pkts_payload.std,float64,1763,0,0.0,20.33067747485771,92.77325057577339,0.0,1506.011875,86.42519564996442,False,False
flow_pkts_payload.min,int64,89,0,0.0,13.437684215875597,34.92727810416611,0.0,1083.0,83.17156215062506,False,False
flow_pkts_payload.max,int64,440,0,0.0,148.06361164752516,217.31470408151216,0.0,5124.0,77.18264051224718,False,False
flow_pkts_payload.tot,int64,1639,0,0.0,719.691495578819,49751.80866335683,0.0,13610585.0,76.99969509096452,False,False
flow_pkts_payload.avg,float64,1978,0,0.0,64.79212065028204,49.47901585492595,0.0,1156.084685,69.13685333875394,False,False
flow_pkts_payload.std,float64,2277,0,0.0,75.92836781227766,73.4476958054222,0.0,924.651958,69.10509198089237,False,False
fwd_iat.min,float64,2113,0,0.0,4351.813499570777,234430.1216446908,0.0,43510041.95,85.70865941660738,False,False
fwd_iat.max,float64,8216,0,0.0,1724999.9616582806,9185062.330472877,0.0,300233941.1,85.70865941660738,False,False
fwd_iat.tot,float64,8249,0,0.0,3939503.443279663,136253424.6722794,0.0,18761401290.893555,85.70865941660738,False,False
fwd_iat.avg,float64,8271,0,0.0,235708.759486859,1516250.7284926828,0.0,150116389.5,85.70865941660738,False,False
fwd_iat.std,float64,6955,0,0.0,582135.6795905868,3235910.2676001573,0.0,212296532.15700305,91.00264254497408,False,False
bwd_iat.min,float64,4669,0,0.0,2857.8574027772765,147039.88101514307,0.0,29001580.0,86.1215570688078,False,False
bwd_iat.max,float64,9642,0,0.0,400101.862058956,4118173.376117376,0.0,299983797.1,86.11774570586441,False,False
bwd_iat.tot,float64,9679,0,0.0,1972541.3170591267,108667314.26438329,0.0,18761168572.90268,86.11774570586441,False,False
bwd_iat.avg,float64,9686,0,0.0,86352.4117258843,999758.8765345452,0.0,100155583.3,86.11774570586441,False,False
bwd_iat.std,float64,6669,0,0.0,145675.69420731478,1643195.930488403,0.0,173031585.9,91.36472202459599,False,False
flow_iat.min,float64,1436,0,0.0,3899.433843304846,221713.43650245699,0.0,43510041.95,21.581207439780464,False,False
flow_iat.max,float64,10739,0,0.0,1727735.9874193147,9192082.239285516,0.0,299983797.1,21.380475658095335,False,False
flow_iat.tot,float64,10898,0,0.0,3972536.489496353,136299140.06081402,0.0,18761401290.893555,21.380475658095335,False,False
flow_iat.avg,float64,10974,0,0.0,140347.68152673033,861313.671961464,0.0,72835758.21,21.380475658095335,False,False
flow_iat.std,float64,10975,0,0.0,451978.7664365802,2475811.0860011317,0.0,122414517.611281,85.72644577700986,False,False
payload_bytes_per_second,float64,11137,0,0.0,41053000.408679344,44803720.50026552,0.0,125829120.0,21.179743876410203,False,False
fwd_subflow_pkts,float64,272,0,0.0,1.5462536932233966,2.63030923148428,0.0,276.833333,85.80775485313548,False,False
bwd_subflow_pkts,float64,287,0,0.0,1.3365996881161701,6.882302559022168,0.0,1685.3333329999996,73.79433885557475,False,False
fwd_subflow_bytes,float64,1078,0,0.0,136.08774601729087,408.95829009012425,0.0,51748.44444,76.99842463665007,False,False
bwd_subflow_bytes,float64,1483,0,0.0,217.66557220992988,8856.622600952638,0.0,2268402.5,85.78234576684622,False,False
fwd_bulk_bytes,float64,142,0,0.0,15.49857976713843,1706.251335676003,0.0,465095.0,99.8018091269438,False,True
bwd_bulk_bytes,float64,306,0,0.0,178.34809608749617,24394.090964734478,0.0,6805207.5,99.11195243419047,False,False
fwd_bulk_packets,float64,40,0,0.0,0.021539786843175122,1.2779244199460216,0.0,331.0,99.8018091269438,False,True
bwd_bulk_packets,float64,93,0,0.0,0.14830918270403495,18.10679662142831,0.0,5052.5,99.11195243419047,False,False
fwd_bulk_rate,float64,157,0,0.0,4848.746368307652,358239.31209604035,0.0,46336283.320158005,99.8018091269438,False,True
bwd_bulk_rate,float64,610,0,0.0,48874.03691591002,691865.5858811644,0.0,24889686.55,99.11195243419047,False,False
active.min,float64,10696,0,0.0,131282.2164598674,548048.2333276846,0.0,19727277.04,21.396991564183352,False,False
active.max,float64,10885,0,0.0,178341.00538911606,3130470.487390634,0.0,848097908.9736941,21.380475658095335,False,False
active.tot,float64,10886,0,0.0,297368.3644457742,15832119.791106625,0.0,2945221457.719804,21.380475658095335,False,False
active.avg,float64,10886,0,0.0,146472.44950340188,1207909.3451247914,0.0,296846929.6,21.380475658095335,False,False
active.std,float64,1062,0,0.0,23958.60692497398,1725869.4943819605,0.0,477486235.572144,98.63299115763797,False,False
idle.min,float64,3642,0,0.0,1621401.123454347,8770879.271954525,0.0,299955247.2,95.35140766338043,False,False
idle.max,float64,3642,0,0.0,1703793.0998936319,9194181.85941962,0.0,299983797.1,95.35140766338043,False,False
idle.tot,float64,3642,0,0.0,3675168.1250585117,128977079.92083552,0.0,18644307741.16516,95.35140766338043,False,False
idle.avg,float64,3642,0,0.0,1669343.591865617,8970024.301246375,0.0,299955247.2,95.35140766338043,False,False
idle.std,float64,641,0,0.0,44338.903582179955,1036659.4128689576,0.0,120802870.6,99.16785242402683,False,False
fwd_init_window_size,int64,16,0,0.0,6086.052889013111,18669.59361431055,0.0,65535.0,76.99588372802114,False,False
bwd_init_window_size,int64,51,0,0.0,2737.571653623336,10009.385673826502,0.0,65535.0,91.58196971236914,False,False
fwd_last_window_size,int64,73,0,0.0,720.796562150625,6152.085542026588,0.0,65535.0,76.99588372802114,False,False
