,count,mean,std,min,25%,50%,75%,max
active.avg,78712.0,146472.44950340188,1207909.3451247914,0.0,0.953674,4.053116,5.0067900000000005,296846929.6
active.max,78712.0,178341.00538911606,3130470.487390634,0.0,0.953674,4.053116,5.0067900000000005,848097908.9736941
active.min,78712.0,131282.2164598674,548048.2333276846,0.0,0.953674,4.053116,5.0067900000000005,19727277.04
active.std,78712.0,23958.60692497398,1725869.4943819605,0.0,0.0,0.0,0.0,477486235.572144
active.tot,78712.0,297368.3644457742,15832119.791106625,0.0,0.953674,4.053116,5.0067900000000005,2945221457.719804
bwd_PSH_flag_count,78712.0,0.3787732493139547,3.6759160159821933,0.0,0.0,0.0,0.0,371.0
bwd_URG_flag_count,78712.0,0.0,0.0,0.0,0.0,0.0,0.0,0.0
bwd_bulk_bytes,78712.0,178.34809608749617,24394.090964734478,0.0,0.0,0.0,0.0,6805207.5
bwd_bulk_packets,78712.0,0.14830918270403495,18.10679662142831,0.0,0.0,0.0,0.0,5052.5
bwd_bulk_rate,78712.0,48874.03691591002,691865.5858811644,0.0,0.0,0.0,0.0,24889686.55
bwd_data_pkts_tot,78712.0,0.8137513974997459,37.16124811606801,0.0,0.0,0.0,0.0,10105.0
bwd_header_size_max,78712.0,18.442524646813702,9.398714588980816,0.0,20.0,20.0,20.0,44.0
bwd_header_size_min,78712.0,17.70423823559305,7.988553341446675,0.0,20.0,20.0,20.0,40.0
bwd_header_size_tot,78712.0,46.139800792763495,1170.1881098973079,0.0,20.0,20.0,20.0,323592.0
bwd_iat.avg,78712.0,86352.4117258843,999758.8765345452,0.0,0.0,0.0,0.0,100155583.3
bwd_iat.max,78712.0,400101.862058956,4118173.376117376,0.0,0.0,0.0,0.0,299983797.1
bwd_iat.min,78712.0,2857.8574027772765,147039.88101514307,0.0,0.0,0.0,0.0,29001580.0
bwd_iat.std,78712.0,145675.69420731478,1643195.930488403,0.0,0.0,0.0,0.0,173031585.9
bwd_iat.tot,78712.0,1972541.3170591267,108667314.26438329,0.0,0.0,0.0,0.0,18761168572.90268
bwd_init_window_size,78712.0,2737.571653623336,10009.385673826502,0.0,0.0,0.0,0.0,65535.0
bwd_pkts_payload.avg,78712.0,18.43809065791747,82.034339359609,0.0,0.0,0.0,0.0,1457.052632
bwd_pkts_payload.max,78712.0,51.80482010366907,229.87460055356914,0.0,0.0,0.0,0.0,5124.0
bwd_pkts_payload.min,78712.0,3.737994206728326,18.571617515055106,0.0,0.0,0.0,0.0,1357.0
bwd_pkts_payload.std,78712.0,20.33067747485771,92.77325057577339,0.0,0.0,0.0,0.0,1506.011875
bwd_pkts_payload.tot,78712.0,509.6687544465901,49480.87812051817,0.0,0.0,0.0,0.0,13610415.0
bwd_pkts_per_sec,78712.0,351560.53919424594,370263.027459236,0.0,73.28903575,246723.7647,524288.0,1048576.0
bwd_pkts_tot,78712.0,1.89226547413355,37.37366108318111,0.0,1.0,1.0,1.0,10112.0
bwd_subflow_bytes,78712.0,217.66557220992988,8856.622600952638,0.0,0.0,0.0,0.0,2268402.5
bwd_subflow_pkts,78712.0,1.3365996881161701,6.882302559022168,0.0,1.0,1.0,1.0,1685.3333329999996
down_up_ratio,78712.0,0.854780017989633,0.33681300236961864,0.0,1.0,1.0,1.0,6.087899
flow_ACK_flag_count,78712.0,2.6351382254294133,44.043692961579595,0.0,1.0,1.0,1.0,11772.0
flow_CWR_flag_count,78712.0,0.000978249822136396,0.04261238981889083,0.0,0.0,0.0,0.0,3.0
flow_ECE_flag_count,78712.0,0.00068604532980994,0.02981373264910933,0.0,0.0,0.0,0.0,3.0
flow_FIN_flag_count,78712.0,0.11509045634718976,0.4715266218180714,0.0,0.0,0.0,0.0,9.0
flow_RST_flag_count,78712.0,0.7971719686960057,0.4357114877042888,0.0,1.0,1.0,1.0,10.0
flow_SYN_flag_count,78712.0,0.9517227360504116,0.47424215522614926,0.0,1.0,1.0,1.0,8.0
flow_duration,78712.0,3.971480500241386,136.29884574953414,0.0,1e-06,4e-06,5e-06,18761.40129
flow_iat.avg,78712.0,140347.68152673033,861313.671961464,0.0,0.953674,4.053116,5.0067900000000005,72835758.21
flow_iat.max,78712.0,1727735.9874193147,9192082.239285516,0.0,0.953674,4.053116,5.0067900000000005,299983797.1
flow_iat.min,78712.0,3899.433843304846,221713.43650245699,0.0,0.953674,3.814697,5.0067900000000005,43510041.95
flow_iat.std,78712.0,451978.7664365802,2475811.0860011317,0.0,0.0,0.0,0.0,122414517.611281
flow_iat.tot,78712.0,3972536.489496353,136299140.06081402,0.0,0.953674,4.053116,5.0067900000000005,18761401290.893555
flow_pkts_payload.avg,78712.0,64.79212065028204,49.47901585492595,0.0,60.0,60.0,60.0,1156.084685
flow_pkts_payload.max,78712.0,148.06361164752516,217.31470408151216,0.0,120.0,120.0,120.0,5124.0
flow_pkts_payload.min,78712.0,13.437684215875597,34.92727810416611,0.0,0.0,0.0,0.0,1083.0
flow_pkts_payload.std,78712.0,75.92836781227766,73.4476958054222,0.0,50.219518,84.852814,84.852814,924.651958
flow_pkts_payload.tot,78712.0,719.691495578819,49751.80866335683,0.0,120.0,120.0,120.0,13610585.0
flow_pkts_per_sec,78712.0,703167.4838593991,740485.5849785648,0.0,150.0494445,493447.5294,1048576.0,2097152.0
fwd_PSH_flag_count,78712.0,0.3495655046244537,3.3821582776368118,0.0,0.0,0.0,0.0,359.0
fwd_URG_flag_count,78712.0,0.01637615611342616,0.12691801397544597,0.0,0.0,0.0,0.0,1.0
fwd_bulk_bytes,78712.0,15.49857976713843,1706.251335676003,0.0,0.0,0.0,0.0,465095.0
fwd_bulk_packets,78712.0,0.021539786843175122,1.2779244199460216,0.0,0.0,0.0,0.0,331.0
fwd_bulk_rate,78712.0,4848.746368307652,358239.31209604035,0.0,0.0,0.0,0.0,46336283.320158005
fwd_data_pkts_tot,78712.0,1.450858827116577,17.329829872703453,0.0,1.0,1.0,1.0,3549.0
fwd_header_size_max,78712.0,20.64747433682285,7.203711532639784,0.0,20.0,20.0,20.0,52.0
fwd_header_size_min,78712.0,19.782040857810752,5.31490431822988,0.0,20.0,20.0,20.0,44.0
fwd_header_size_tot,78712.0,52.93464783006403,316.15711186273836,0.0,20.0,20.0,20.0,54528.0
fwd_iat.avg,78712.0,235708.759486859,1516250.7284926828,0.0,0.0,0.0,0.0,150116389.5
fwd_iat.max,78712.0,1724999.9616582806,9185062.330472877,0.0,0.0,0.0,0.0,300233941.1
fwd_iat.min,78712.0,4351.813499570777,234430.1216446908,0.0,0.0,0.0,0.0,43510041.95
fwd_iat.std,78712.0,582135.6795905868,3235910.2676001573,0.0,0.0,0.0,0.0,212296532.15700305
fwd_iat.tot,78712.0,3939503.443279663,136253424.6722794,0.0,0.0,0.0,0.0,18761401290.893555
fwd_init_window_size,78712.0,6086.052889013111,18669.59361431055,0.0,64.0,64.0,64.0,65535.0
fwd_last_window_size,78712.0,720.796562150625,6152.085542026588,0.0,64.0,64.0,64.0,65535.0
fwd_pkts_payload.avg,78712.0,100.56742546975049,45.83496683505813,0.0,120.0,120.0,120.0,1319.3654390000002
fwd_pkts_payload.max,78712.0,120.81725785140766,122.05028763601638,0.0,120.0,120.0,120.0,1420.0
fwd_pkts_payload.min,78712.0,96.32387691838602,45.30806416356579,0.0,120.0,120.0,120.0,1083.0
fwd_pkts_payload.std,78712.0,8.098368413494764,45.04763384049425,0.0,0.0,0.0,0.0,731.579342
fwd_pkts_payload.tot,78712.0,210.02274113222887,3894.831023839624,0.0,120.0,120.0,120.0,610428.0
fwd_pkts_per_sec,78712.0,351606.94466236443,370226.1543130927,0.0,75.08180025,246723.7647,524288.0,1048576.0
fwd_pkts_tot,78712.0,2.2287834129484705,19.364867220235187,0.0,1.0,1.0,1.0,3549.0
fwd_subflow_bytes,78712.0,136.08774601729087,408.95829009012425,0.0,120.0,120.0,120.0,51748.44444
fwd_subflow_pkts,78712.0,1.5462536932233966,2.63030923148428,0.0,1.0,1.0,1.0,276.833333
id.orig_p,78712.0,34644.722952027645,19075.276667598784,0.0,17667.75,37180.5,51036.0,65535.0
id.resp_p,78712.0,1008.3488413456652,5221.935017933783,0.0,21.0,21.0,21.0,65389.0
idle.avg,78712.0,1669343.591865617,8970024.301246375,0.0,0.0,0.0,0.0,299955247.2
idle.max,78712.0,1703793.0998936319,9194181.85941962,0.0,0.0,0.0,0.0,299983797.1
idle.min,78712.0,1621401.123454347,8770879.271954525,0.0,0.0,0.0,0.0,299955247.2
idle.std,78712.0,44338.903582179955,1036659.4128689576,0.0,0.0,0.0,0.0,120802870.6
idle.tot,78712.0,3675168.1250585117,128977079.92083552,0.0,0.0,0.0,0.0,18644307741.16516
payload_bytes_per_second,78712.0,41053000.408679344,44803720.50026552,0.0,2707.58101325,29606851.76,55924053.33333299,125829120.0
